Airline,Source,Source Name,Destination,Destination Name,Departure Date & Time,Arrival Date & Time,Duration (hrs),Stopovers,Aircraft Type,Class,Booking Source,Base Fare (BDT),Tax & Surcharge (BDT),Total Fare (BDT),Seasonality,Days Before Departure
Malaysian Airlines,CXB,Cox's Bazar Airport,CCU,"Netaji Subhas Chandra Bose International Airport, Kolkata",2025-11-17 06:25:00,2025-11-17 07:38:10,1.2195264539377717,Direct,Airbus A320,Economy,Online Website,21131.22502141266,5169.683753211899,26300.90877462456,Regular,10
Cathay Pacific,BZL,Barisal Airport,CGP,"Shah Amanat International Airport, Chittagong",2025-03-16 00:17:00,2025-03-16 00:53:31,0.6086380128173666,Direct,Airbus A320,First Class,Travel Agency,11605.395470566073,200.0,11805.395470566073,Regular,14
British Airways,ZYL,"Osmani International Airport, Sylhet",KUL,Kuala Lumpur International Airport,2025-12-13 12:03:00,2025-12-13 14:44:22,2.6896505565217104,1 Stop,Boeing 787,Economy,Travel Agency,39882.49934875141,11982.374902312711,51864.87425106412,Winter Holidays,83
Singapore Airlines,RJH,"Shah Makhdum Airport, Rajshahi",DAC,"Hazrat Shahjalal International Airport, Dhaka",2025-05-30 03:21:00,2025-05-30 04:02:09,0.6860536480181382,Direct,Airbus A320,Economy,Direct Booking,4435.607340298566,200.0,4635.607340298566,Regular,56
British Airways,SPD,Saidpur Airport,YYZ,Toronto Pearson International Airport,2025-04-25 09:14:00,2025-04-25 23:17:20,14.05560922703888,1 Stop,Airbus A350,Business,Direct Booking,59243.806145866125,14886.570921879918,74130.37706774604,Regular,90
IndiGo,ZYL,"Osmani International Airport, Sylhet",SPD,Saidpur Airport,2025-06-18 18:28:00,2025-06-18 19:33:06,1.085065740447081,Direct,Airbus A320,Business,Travel Agency,5036.394160331064,200.0,5236.394160331064,Regular,70
US-Bangla Airlines,SPD,Saidpur Airport,BZL,Barisal Airport,2025-10-25 22:41:00,2025-10-25 23:45:41,1.0781554879523396,Direct,Airbus A320,Business,Direct Booking,7397.669873630726,200.0,7597.669873630726,Regular,28
AirAsia,JSR,Jessore Airport,LHR,London Heathrow Airport,2025-12-28 01:38:00,2025-12-28 10:30:49,8.880375526991697,1 Stop,Airbus A350,Economy,Online Website,11946.813582613675,7792.022037392051,19738.835620005724,Winter Holidays,12
Etihad Airways,SPD,Saidpur Airport,KUL,Kuala Lumpur International Airport,2025-07-06 21:52:00,2025-07-07 01:09:46,3.2962816930978676,Direct,Boeing 787,Business,Travel Agency,74973.62187091996,17246.043280637994,92219.66515155796,Regular,23
US-Bangla Airlines,DAC,"Hazrat Shahjalal International Airport, Dhaka",DEL,"Indira Gandhi International Airport, Delhi",2025-04-14 23:19:00,2025-04-15 01:54:44,2.595620253019129,Direct,Boeing 787,First Class,Direct Booking,116951.64544472433,19542.746816708648,136494.39226143298,Regular,41
Gulf Air,CXB,Cox's Bazar Airport,DEL,"Indira Gandhi International Airport, Delhi",2025-07-12 20:38:00,2025-07-12 23:32:29,2.908250273355325,Direct,Boeing 787,Business,Online Website,42416.10567945737,8362.415851918606,50778.52153137597,Regular,18
Etihad Airways,ZYL,"Osmani International Airport, Sylhet",LHR,London Heathrow Airport,2026-01-10 22:44:00,2026-01-11 06:49:51,8.097631763509375,1 Stop,Airbus A350,First Class,Travel Agency,76405.94683008443,17460.892024512665,93866.8388545971,Winter Holidays,48
Emirates,JSR,Jessore Airport,ZYL,"Osmani International Airport, Sylhet",2025-04-28 09:19:00,2025-04-28 10:33:27,1.24110669535178,Direct,Airbus A320,Business,Travel Agency,6809.92409625792,200.0,7009.92409625792,Regular,67
Emirates,RJH,"Shah Makhdum Airport, Rajshahi",YYZ,Toronto Pearson International Airport,2025-11-04 12:30:00,2025-11-05 02:25:23,13.923279453202031,1 Stop,Boeing 777,Economy,Direct Booking,42342.728059803136,12351.40920897047,54694.13726877361,Regular,90
Biman Bangladesh Airlines,CXB,Cox's Bazar Airport,YYZ,Toronto Pearson International Airport,2025-11-03 10:15:00,2025-11-04 01:20:30,15.091904904844036,1 Stop,Boeing 777,Business,Travel Agency,43227.96194090437,12484.194291135656,55712.156232040026,Regular,45
NovoAir,RJH,"Shah Makhdum Airport, Rajshahi",CGP,"Shah Amanat International Airport, Chittagong",2025-09-08 12:30:00,2025-09-08 13:55:46,1.4296651040592707,Direct,Airbus A320,First Class,Direct Booking,10841.303016848362,200.0,11041.303016848362,Regular,48
FlyDubai,CXB,Cox's Bazar Airport,RJH,"Shah Makhdum Airport, Rajshahi",2026-02-22 23:32:00,2026-02-23 01:08:44,1.612434591374716,Direct,Airbus A320,Economy,Direct Booking,2786.2948396128777,200.0,2986.2948396128777,Winter Holidays,67
NovoAir,ZYL,"Osmani International Airport, Sylhet",SPD,Saidpur Airport,2025-11-18 07:21:00,2025-11-18 08:18:36,0.9602435115036857,Direct,Airbus A320,Economy,Direct Booking,3199.3888322678554,200.0,3399.3888322678554,Regular,52
Saudia,CGP,"Shah Amanat International Airport, Chittagong",CCU,"Netaji Subhas Chandra Bose International Airport, Kolkata",2025-12-22 16:09:00,2025-12-22 17:22:06,1.218343564302672,Direct,Airbus A320,Business,Online Website,140806.23404293926,23120.935106440887,163927.16914938015,Winter Holidays,76
Thai Airways,SPD,Saidpur Airport,JSR,Jessore Airport,2026-01-12 10:06:00,2026-01-12 10:57:46,0.8629687174133825,Direct,Airbus A320,First Class,Online Website,10963.8108024714,200.0,11163.8108024714,Winter Holidays,38
Gulf Air,ZYL,"Osmani International Airport, Sylhet",DEL,"Indira Gandhi International Airport, Delhi",2025-05-17 20:06:00,2025-05-17 22:47:21,2.68928362961251,Direct,Boeing 737,Business,Travel Agency,131458.0711521447,21718.710672821704,153176.7818249664,Regular,19
Singapore Airlines,DAC,"Hazrat Shahjalal International Airport, Dhaka",YYZ,Toronto Pearson International Airport,2025-04-02 20:21:00,2025-04-03 10:35:04,14.234567624227372,1 Stop,Boeing 777,Business,Direct Booking,130089.56725430427,25513.43508814564,155603.0023424499,Eid,27
Saudia,BZL,Barisal Airport,CXB,Cox's Bazar Airport,2025-03-04 05:03:00,2025-03-04 05:45:33,0.7094425783087893,Direct,Airbus A320,Economy,Direct Booking,3827.8940146793357,200.0,4027.8940146793357,Regular,15
Kuwait Airways,DAC,"Hazrat Shahjalal International Airport, Dhaka",IST,Istanbul Airport,2025-03-14 22:46:00,2025-03-15 05:31:58,6.766236259145377,1 Stop,Boeing 777,Business,Direct Booking,92915.7060750506,17937.35591125759,110853.0619863082,Regular,64
Air India,BZL,Barisal Airport,DXB,Dubai International Airport,2025-04-02 09:07:00,2025-04-02 13:15:12,4.136763254426368,Direct,Boeing 787,First Class,Direct Booking,131541.41810720493,23731.21271608074,155272.63082328567,Eid,74
Emirates,CXB,Cox's Bazar Airport,BZL,Barisal Airport,2025-03-02 05:10:00,2025-03-02 05:53:33,0.7259316881729381,Direct,Airbus A320,First Class,Online Website,10280.50154811146,200.0,12576.601857733753,Regular,3
FlyDubai,CGP,"Shah Amanat International Airport, Chittagong",DEL,"Indira Gandhi International Airport, Delhi",2025-06-13 15:23:00,2025-06-13 18:12:45,2.829321723014713,Direct,Boeing 787,First Class,Online Website,44178.19073807363,8626.728610711045,52804.91934878468,Regular,31
Kuwait Airways,ZYL,"Osmani International Airport, Sylhet",DEL,"Indira Gandhi International Airport, Delhi",2025-05-02 01:04:00,2025-05-02 03:50:10,2.769580166313337,Direct,Boeing 737,Economy,Travel Agency,38828.3990756687,7824.259861350304,46652.658937019005,Regular,75
Etihad Airways,SPD,Saidpur Airport,CXB,Cox's Bazar Airport,2025-05-17 08:34:00,2025-05-17 09:26:37,0.8771673433404186,Direct,Airbus A320,First Class,Online Website,11427.299560871328,200.0,11627.299560871328,Regular,12
US-Bangla Airlines,ZYL,"Osmani International Airport, Sylhet",DXB,Dubai International Airport,2026-02-08 02:14:00,2026-02-08 06:12:14,3.9706912601937177,1 Stop,Boeing 737,Business,Direct Booking,89500.24333412068,17425.0365001181,106925.27983423878,Winter Holidays,90
Air Astra,JSR,Jessore Airport,SIN,Singapore Changi Airport,2026-01-29 17:07:00,2026-01-29 20:38:19,3.5219572738375815,Direct,Boeing 737,Economy,Direct Booking,10049.92273310359,7507.488409965538,17557.41114306913,Winter Holidays,84
AirAsia,SPD,Saidpur Airport,BKK,"Suvarnabhumi Airport, Bangkok",2026-01-21 00:30:00,2026-01-21 03:30:39,3.0110533669224697,1 Stop,Boeing 787,Business,Direct Booking,149105.74131405365,28365.861197108046,177471.6025111617,Winter Holidays,34
NovoAir,JSR,Jessore Airport,CGP,"Shah Amanat International Airport, Chittagong",2025-04-17 04:17:00,2025-04-17 05:15:03,0.9675995159461159,Direct,Airbus A320,First Class,Direct Booking,12108.86488228705,200.0,12308.86488228705,Regular,42
Gulf Air,JSR,Jessore Airport,SIN,Singapore Changi Airport,2025-02-04 01:18:00,2025-02-04 04:35:33,3.2926826928612267,1 Stop,Boeing 737,First Class,Online Website,131807.1354213212,25771.07031319818,157578.20573451938,Regular,28
Singapore Airlines,CGP,"Shah Amanat International Airport, Chittagong",JSR,Jessore Airport,2025-06-20 10:28:00,2025-06-20 11:29:54,1.031768605984566,Direct,Airbus A320,Economy,Direct Booking,2559.775533908574,200.0,2759.775533908574,Regular,78
Air India,CXB,Cox's Bazar Airport,DEL,"Indira Gandhi International Airport, Delhi",2025-12-02 08:01:00,2025-12-02 10:53:30,2.8752499009008883,1 Stop,Boeing 737,First Class,Online Website,59474.57647434967,10921.18647115245,70395.76294550212,Winter Holidays,12
Air India,CGP,"Shah Amanat International Airport, Chittagong",DEL,"Indira Gandhi International Airport, Delhi",2025-10-02 08:04:00,2025-10-02 10:47:51,2.7308799633474954,Direct,Boeing 787,Business,Travel Agency,92544.76016127193,15881.71402419079,108426.47418546272,Regular,42
Air India,RJH,"Shah Makhdum Airport, Rajshahi",JSR,Jessore Airport,2025-05-05 12:31:00,2025-05-05 13:01:00,0.5,Direct,Airbus A320,Business,Direct Booking,6290.51420486554,200.0,6490.51420486554,Regular,76
IndiGo,BZL,Barisal Airport,SIN,Singapore Changi Airport,2025-10-06 07:48:00,2025-10-06 11:01:38,3.227268311961844,Direct,Boeing 787,First Class,Travel Agency,276265.45275784354,47439.81791367653,323705.2706715201,Regular,14
Biman Bangladesh Airlines,CXB,Cox's Bazar Airport,YYZ,Toronto Pearson International Airport,2025-03-11 19:42:00,2025-03-12 11:13:19,15.522083755592961,1 Stop,Airbus A350,First Class,Online Website,108467.83777395799,22270.175666093695,130738.01344005168,Regular,60
British Airways,JSR,Jessore Airport,DOH,"Hamad International Airport, Doha",2026-01-12 15:18:00,2026-01-12 19:54:52,4.614482927494329,1 Stop,Boeing 787,First Class,Travel Agency,279130.8775561391,45869.63163342086,325000.50918955996,Winter Holidays,86
Qatar Airways,CGP,"Shah Amanat International Airport, Chittagong",ZYL,"Osmani International Airport, Sylhet",2025-03-03 12:30:00,2025-03-03 13:26:09,0.936107109789948,Direct,Airbus A320,Business,Direct Booking,5589.928587409643,200.0,5789.928587409643,Regular,61
Malaysian Airlines,ZYL,"Osmani International Airport, Sylhet",DAC,"Hazrat Shahjalal International Airport, Dhaka",2025-10-01 12:00:00,2025-10-01 12:36:31,0.6087242167173188,Direct,Airbus A320,Economy,Direct Booking,3240.844748995709,200.0,3440.844748995709,Regular,14
Air Arabia,RJH,"Shah Makhdum Airport, Rajshahi",DXB,Dubai International Airport,2025-04-05 11:42:00,2025-04-05 15:14:05,3.534804893507986,Direct,Boeing 737,Economy,Online Website,12779.457116145326,5916.918567421799,18696.375683567123,Regular,52
Air Arabia,RJH,"Shah Makhdum Airport, Rajshahi",YYZ,Toronto Pearson International Airport,2025-02-18 09:38:00,2025-02-19 00:18:09,14.66919956436304,1 Stop,Boeing 777,Economy,Direct Booking,6484.838386202236,6972.725757930335,13457.564144132572,Regular,39
Saudia,BZL,Barisal Airport,DOH,"Hamad International Airport, Doha",2025-12-29 23:54:00,2025-12-30 04:01:45,4.129175212183242,1 Stop,Boeing 787,First Class,Direct Booking,159875.84219487084,27981.376329230625,187857.21852410148,Winter Holidays,32
Thai Airways,SPD,Saidpur Airport,DAC,"Hazrat Shahjalal International Airport, Dhaka",2025-11-25 18:23:00,2025-11-25 19:09:58,0.7830074765939569,Direct,Airbus A320,Business,Direct Booking,8887.917374341847,200.0,9087.917374341847,Regular,11
SriLankan Airlines,ZYL,"Osmani International Airport, Sylhet",BZL,Barisal Airport,2025-05-26 12:34:00,2025-05-26 13:28:27,0.9076138004003026,Direct,Airbus A320,First Class,Travel Agency,10444.218789186543,200.0,10644.218789186543,Regular,80
FlyDubai,ZYL,"Osmani International Airport, Sylhet",RJH,"Shah Makhdum Airport, Rajshahi",2026-01-08 04:27:00,2026-01-08 05:33:00,1.100098149147345,Direct,Airbus A320,Business,Travel Agency,7782.765979854154,200.0,7982.765979854154,Winter Holidays,14
Saudia,JSR,Jessore Airport,ZYL,"Osmani International Airport, Sylhet",2025-05-05 02:54:00,2025-05-05 04:05:52,1.197954497447919,Direct,Airbus A320,Business,Travel Agency,7770.564067504743,200.0,7970.564067504743,Regular,35
AirAsia,CGP,"Shah Amanat International Airport, Chittagong",ZYL,"Osmani International Airport, Sylhet",2025-10-29 03:51:00,2025-10-29 04:46:27,0.9242548513302021,Direct,Airbus A320,Business,Online Website,8915.708870865292,200.0,9115.708870865292,Regular,7
AirAsia,CXB,Cox's Bazar Airport,IST,Istanbul Airport,2025-03-16 23:12:00,2025-03-17 06:41:46,7.496287891132803,1 Stop,Airbus A350,Business,Travel Agency,111243.875404117,20686.58131061755,131930.45671473455,Regular,69
Gulf Air,CXB,Cox's Bazar Airport,JSR,Jessore Airport,2025-04-09 20:38:00,2025-04-09 21:43:06,1.085205134247129,Direct,Airbus A320,First Class,Direct Booking,10177.450480556288,200.0,10377.450480556288,Regular,25
Saudia,CGP,"Shah Amanat International Airport, Chittagong",KUL,Kuala Lumpur International Airport,2025-08-06 00:38:00,2025-08-06 03:24:03,2.767653785077365,Direct,Boeing 787,Economy,Travel Agency,47658.708176917564,13148.806226537636,60807.5144034552,Regular,81
US-Bangla Airlines,SPD,Saidpur Airport,CCU,"Netaji Subhas Chandra Bose International Airport, Kolkata",2026-01-25 14:49:00,2026-01-25 15:56:28,1.1245459470850374,Direct,Airbus A320,First Class,Travel Agency,228613.68957603115,36292.05343640467,264905.7430124358,Winter Holidays,69
Singapore Airlines,BZL,Barisal Airport,RJH,"Shah Makhdum Airport, Rajshahi",2026-02-26 14:03:00,2026-02-26 14:57:41,0.9115537653707324,Direct,Airbus A320,First Class,Travel Agency,10220.436248442333,200.0,10420.436248442333,Winter Holidays,71
Malaysian Airlines,RJH,"Shah Makhdum Airport, Rajshahi",SIN,Singapore Changi Airport,2025-03-31 12:14:00,2025-03-31 15:53:54,3.665123916197654,Direct,Boeing 737,Business,Online Website,110837.47840978981,22625.621761468472,133463.10017125827,Eid,84
SriLankan Airlines,ZYL,"Osmani International Airport, Sylhet",CCU,"Netaji Subhas Chandra Bose International Airport, Kolkata",2025-02-12 20:13:00,2025-02-12 21:45:09,1.5360227419971946,Direct,Airbus A320,Economy,Online Website,11723.539019922198,3758.5308529883296,15482.069872910528,Regular,26
British Airways,BZL,Barisal Airport,JFK,"John F. Kennedy International Airport, New York",2025-10-18 18:56:00,2025-10-19 09:04:31,14.142098636201085,2 Stops,Airbus A350,Economy,Online Website,6750.158376273821,7012.523756441073,13762.682132714894,Regular,8
Biman Bangladesh Airlines,ZYL,"Osmani International Airport, Sylhet",CCU,"Netaji Subhas Chandra Bose International Airport, Kolkata",2025-03-26 22:47:00,2025-03-27 00:10:37,1.3936689505028501,Direct,Airbus A320,Economy,Online Website,16359.008645182534,4453.85129677738,20812.859941959912,Regular,76
Gulf Air,CGP,"Shah Amanat International Airport, Chittagong",ZYL,"Osmani International Airport, Sylhet",2025-05-23 00:03:00,2025-05-23 01:08:16,1.0879600816048156,Direct,Airbus A320,Business,Online Website,5849.763413872408,200.0,6049.763413872408,Regular,77
Saudia,BZL,Barisal Airport,IST,Istanbul Airport,2025-12-11 05:36:00,2025-12-11 12:07:00,6.516934680370438,1 Stop,Boeing 777,First Class,Travel Agency,40848.346111682295,10127.251916752344,50975.59802843464,Winter Holidays,85
SriLankan Airlines,CXB,Cox's Bazar Airport,SIN,Singapore Changi Airport,2025-11-06 11:39:00,2025-11-06 14:43:59,3.083086167629106,Direct,Boeing 787,Economy,Travel Agency,17042.768928601672,8556.415339290252,25599.184267891924,Regular,40
Air India,CXB,Cox's Bazar Airport,DAC,"Hazrat Shahjalal International Airport, Dhaka",2025-05-22 20:18:00,2025-05-22 21:20:53,1.0480829130416487,Direct,Airbus A320,Economy,Online Website,3437.727790609009,200.0,3637.727790609009,Regular,16
Emirates,JSR,Jessore Airport,RJH,"Shah Makhdum Airport, Rajshahi",2025-08-05 17:51:00,2025-08-05 18:21:00,0.5,Direct,Airbus A320,Business,Direct Booking,7430.165340505896,200.0,7630.165340505896,Regular,61
Emirates,RJH,"Shah Makhdum Airport, Rajshahi",SIN,Singapore Changi Airport,2025-11-27 20:22:00,2025-11-27 23:58:13,3.6037127393379293,Direct,Boeing 787,Economy,Online Website,14991.279296308445,8248.691894446267,23239.97119075471,Regular,50
Emirates,CXB,Cox's Bazar Airport,DOH,"Hamad International Airport, Doha",2025-02-14 04:54:00,2025-02-14 09:38:38,4.743909807786236,Direct,Boeing 737,First Class,Direct Booking,29246.995725298206,8387.049358794731,37634.04508409294,Regular,30
SriLankan Airlines,DAC,"Hazrat Shahjalal International Airport, Dhaka",BKK,"Suvarnabhumi Airport, Bangkok",2025-04-01 23:39:00,2025-04-02 02:17:03,2.634417567823677,Direct,Boeing 787,Economy,Direct Booking,19916.335675405942,8987.45035131089,28903.786026716833,Eid,10
Saudia,ZYL,"Osmani International Airport, Sylhet",JSR,Jessore Airport,2025-04-03 16:29:00,2025-04-03 17:37:58,1.1495228390230756,Direct,Airbus A320,Business,Direct Booking,4185.108260672289,200.0,4385.108260672289,Regular,77
Malaysian Airlines,SPD,Saidpur Airport,DXB,Dubai International Airport,2026-01-08 18:20:00,2026-01-08 21:54:54,3.581720118759027,Direct,Boeing 787,Business,Direct Booking,18755.735766262256,6813.360364939339,25569.096131201593,Winter Holidays,65
Emirates,BZL,Barisal Airport,RJH,"Shah Makhdum Airport, Rajshahi",2025-09-29 09:25:00,2025-09-29 10:11:23,0.7732953021283901,Direct,Airbus A320,Business,Direct Booking,8949.739069249797,200.0,9149.739069249797,Regular,48
Cathay Pacific,RJH,"Shah Makhdum Airport, Rajshahi",JED,"King Abdulaziz International Airport, Jeddah",2025-02-25 11:03:00,2025-02-25 16:19:56,5.282413134382681,1 Stop,Boeing 777,Business,Travel Agency,24049.120419474242,7607.368062921136,31656.488482395376,Regular,41
Singapore Airlines,JSR,Jessore Airport,CGP,"Shah Amanat International Airport, Chittagong",2025-08-05 17:18:00,2025-08-05 18:20:14,1.037265027873828,Direct,Airbus A320,First Class,Travel Agency,8545.879515605957,200.0,8745.879515605957,Regular,89
Etihad Airways,CXB,Cox's Bazar Airport,RJH,"Shah Makhdum Airport, Rajshahi",2025-11-08 12:29:00,2025-11-08 14:11:40,1.7111532784128143,Direct,Airbus A320,Economy,Direct Booking,2340.7720038827424,200.0,2540.7720038827424,Regular,28
Singapore Airlines,CGP,"Shah Amanat International Airport, Chittagong",SIN,Singapore Changi Airport,2025-08-14 13:12:00,2025-08-14 16:22:55,3.182107401620267,1 Stop,Boeing 787,Economy,Travel Agency,42123.41862856587,12318.512794284881,54441.93142285076,Regular,41
Air Astra,JSR,Jessore Airport,JFK,"John F. Kennedy International Airport, New York",2026-03-04 03:29:00,2026-03-04 17:11:55,13.715345702609586,1 Stop,Airbus A350,Business,Travel Agency,47195.07129537937,13079.260694306904,60274.331989686274,Regular,86
Saudia,CGP,"Shah Amanat International Airport, Chittagong",JSR,Jessore Airport,2025-04-28 06:31:00,2025-04-28 07:31:15,1.004306590575981,Direct,Airbus A320,First Class,Travel Agency,9625.935384281958,200.0,9825.935384281958,Regular,34
Emirates,BZL,Barisal Airport,YYZ,Toronto Pearson International Airport,2025-09-13 12:09:00,2025-09-14 02:22:51,14.23093104549742,1 Stop,Boeing 777,Economy,Online Website,23618.598566177778,9542.789784926666,33161.38835110444,Regular,58
AirAsia,ZYL,"Osmani International Airport, Sylhet",BZL,Barisal Airport,2025-03-17 23:08:00,2025-03-18 00:06:53,0.9813967816336939,Direct,Airbus A320,First Class,Direct Booking,11612.768390428544,200.0,11812.768390428544,Regular,14
US-Bangla Airlines,ZYL,"Osmani International Airport, Sylhet",SPD,Saidpur Airport,2025-08-12 07:29:00,2025-08-12 08:35:16,1.104618714193165,Direct,Airbus A320,Economy,Online Website,2698.6990877441185,200.0,2898.6990877441185,Regular,79
Vistara,JSR,Jessore Airport,YYZ,Toronto Pearson International Airport,2025-10-09 03:00:00,2025-10-09 16:45:41,13.761549823259568,1 Stop,Boeing 777,First Class,Direct Booking,148048.52098285264,28207.278147427896,176255.79913028053,Regular,74
British Airways,JSR,Jessore Airport,BKK,"Suvarnabhumi Airport, Bangkok",2025-03-01 07:24:00,2025-03-01 10:05:21,2.6891993492334434,1 Stop,Boeing 737,First Class,Online Website,110146.56272695522,22521.98440904328,132668.5471359985,Regular,8
Vistara,JSR,Jessore Airport,DXB,Dubai International Airport,2025-10-08 16:44:00,2025-10-08 20:13:19,3.488882966745204,1 Stop,Boeing 737,Economy,Travel Agency,32017.38845006105,8802.608267509157,40819.996717570204,Regular,5
Etihad Airways,RJH,"Shah Makhdum Airport, Rajshahi",CGP,"Shah Amanat International Airport, Chittagong",2025-05-22 06:56:00,2025-05-22 08:23:31,1.458642594524719,Direct,Airbus A320,First Class,Travel Agency,11831.46826819282,200.0,12031.46826819282,Regular,48
Air Astra,JSR,Jessore Airport,DXB,Dubai International Airport,2025-03-31 12:24:00,2025-03-31 16:08:16,3.737968506827268,1 Stop,Boeing 737,First Class,Direct Booking,81076.51390254237,16161.477085381355,97237.99098792372,Eid,51
Gulf Air,RJH,"Shah Makhdum Airport, Rajshahi",BKK,"Suvarnabhumi Airport, Bangkok",2025-09-19 04:30:00,2025-09-19 07:33:28,3.057784242850607,Direct,Boeing 787,Business,Direct Booking,125853.85864272874,24878.07879640931,150731.93743913804,Regular,49
Thai Airways,JSR,Jessore Airport,CXB,Cox's Bazar Airport,2025-04-12 18:42:00,2025-04-12 19:55:16,1.2212475931138969,Direct,Airbus A320,Business,Online Website,9904.291650142186,200.0,10104.291650142186,Regular,8
IndiGo,DAC,"Hazrat Shahjalal International Airport, Dhaka",RJH,"Shah Makhdum Airport, Rajshahi",2025-10-31 00:38:00,2025-10-31 01:18:10,0.6697116352464093,Direct,Airbus A320,First Class,Direct Booking,11379.965393534962,200.0,11579.965393534962,Regular,53
Saudia,ZYL,"Osmani International Airport, Sylhet",JFK,"John F. Kennedy International Airport, New York",2025-06-26 21:00:00,2025-06-27 10:36:46,13.612901414969654,2 Stops,Boeing 777,Business,Direct Booking,81093.0718626467,18163.960779397006,99257.0326420437,Regular,78
AirAsia,CGP,"Shah Amanat International Airport, Chittagong",JED,"King Abdulaziz International Airport, Jeddah",2025-07-19 18:04:00,2025-07-19 23:59:31,5.925472545823549,2 Stops,Airbus A350,Business,Online Website,90603.72517006668,17590.558775510002,108194.28394557668,Regular,49
Gulf Air,RJH,"Shah Makhdum Airport, Rajshahi",SIN,Singapore Changi Airport,2025-06-20 14:10:00,2025-06-20 17:44:26,3.57391366232509,Direct,Boeing 737,Business,Travel Agency,40664.82296172501,12099.72344425875,52764.54640598376,Regular,15
US-Bangla Airlines,JSR,Jessore Airport,IST,Istanbul Airport,2025-12-16 17:21:00,2025-12-16 23:49:28,6.474495913341596,1 Stop,Boeing 777,Business,Direct Booking,88557.3301049451,17283.599515741764,105840.92962068686,Winter Holidays,31
Malaysian Airlines,JSR,Jessore Airport,JFK,"John F. Kennedy International Airport, New York",2025-10-29 08:41:00,2025-10-29 21:49:44,13.145800399843601,1 Stop,Airbus A350,Economy,Travel Agency,24169.801017293867,9625.47015259408,33795.27116988794,Regular,78
Cathay Pacific,CXB,Cox's Bazar Airport,SPD,Saidpur Airport,2025-09-01 17:59:00,2025-09-01 18:52:02,0.8841423998368634,Direct,Airbus A320,First Class,Travel Agency,11655.365588440349,200.0,11855.365588440349,Regular,73
Biman Bangladesh Airlines,ZYL,"Osmani International Airport, Sylhet",BZL,Barisal Airport,2025-12-23 15:59:00,2025-12-23 16:55:08,0.9357925629264052,Direct,Airbus A320,First Class,Online Website,12819.550005883175,200.0,13019.550005883175,Winter Holidays,27
FlyDubai,ZYL,"Osmani International Airport, Sylhet",LHR,London Heathrow Airport,2025-11-07 04:45:00,2025-11-07 14:07:50,9.38058702849767,1 Stop,Boeing 777,Business,Direct Booking,133018.5996240758,25952.78994361137,190765.6674812246,Regular,2
British Airways,CGP,"Shah Amanat International Airport, Chittagong",DEL,"Indira Gandhi International Airport, Delhi",2025-05-01 03:47:00,2025-05-01 06:14:06,2.4518612030939533,Direct,Boeing 787,First Class,Travel Agency,298096.92120320717,46714.538180481075,344811.4593836882,Regular,19
NovoAir,ZYL,"Osmani International Airport, Sylhet",DXB,Dubai International Airport,2025-06-23 14:16:00,2025-06-23 18:42:26,4.4408027773257235,Direct,Boeing 737,Business,Direct Booking,15528.104543212412,6329.215681481862,21857.320224694275,Regular,86
Vistara,CXB,Cox's Bazar Airport,DAC,"Hazrat Shahjalal International Airport, Dhaka",2025-10-05 15:27:00,2025-10-05 16:28:11,1.019761989406935,Direct,Airbus A320,Economy,Online Website,3592.0770141304083,200.0,3792.0770141304083,Regular,30
Air Astra,JSR,Jessore Airport,DAC,"Hazrat Shahjalal International Airport, Dhaka",2025-12-21 02:49:00,2025-12-21 03:19:00,0.5,Direct,Airbus A320,Economy,Travel Agency,3286.5641705555204,200.0,3486.5641705555204,Winter Holidays,69
Air India,RJH,"Shah Makhdum Airport, Rajshahi",DAC,"Hazrat Shahjalal International Airport, Dhaka",2025-05-05 06:46:00,2025-05-05 07:21:55,0.5987502477488673,Direct,Airbus A320,First Class,Online Website,14178.834015888313,200.0,14378.834015888313,Regular,29
Malaysian Airlines,BZL,Barisal Airport,JFK,"John F. Kennedy International Airport, New York",2026-02-12 02:33:00,2026-02-12 17:17:36,14.74345569129294,1 Stop,Boeing 777,Business,Online Website,138574.3739374407,26786.156090616103,165360.5300280568,Winter Holidays,78
Air Astra,CXB,Cox's Bazar Airport,CCU,"Netaji Subhas Chandra Bose International Airport, Kolkata",2025-07-03 12:50:00,2025-07-03 14:04:19,1.2387949144970969,Direct,Airbus A320,Business,Travel Agency,29806.878010073433,6471.031701511015,36277.90971158445,Regular,49
IndiGo,SPD,Saidpur Airport,RJH,"Shah Makhdum Airport, Rajshahi",2025-04-08 23:16:00,2025-04-08 23:48:10,0.5361166592356925,Direct,Airbus A320,Economy,Travel Agency,2303.514390526621,200.0,2503.514390526621,Regular,73
Lufthansa,JSR,Jessore Airport,JFK,"John F. Kennedy International Airport, New York",2025-08-26 10:54:00,2025-08-27 01:32:54,14.64853739113111,1 Stop,Boeing 777,First Class,Direct Booking,83102.42027144697,18465.363040717046,101567.78331216401,Regular,87
Air Arabia,SPD,Saidpur Airport,DXB,Dubai International Airport,2025-06-04 10:40:00,2025-06-04 14:02:47,3.3798577334457938,Direct,Boeing 737,Economy,Direct Booking,70364.20992980257,14554.631489470385,84918.84141927295,Hajj,18
Turkish Airlines,JSR,Jessore Airport,SIN,Singapore Changi Airport,2025-08-02 02:59:00,2025-08-02 06:00:30,3.0252174595639287,Direct,Boeing 787,First Class,Direct Booking,189760.16638846105,34464.02495826916,224224.19134673022,Regular,74
Air Arabia,BZL,Barisal Airport,DEL,"Indira Gandhi International Airport, Delhi",2025-11-10 15:45:00,2025-11-10 17:57:27,2.2075282820420696,Direct,Boeing 787,First Class,Travel Agency,130523.33468398587,21578.50020259788,182522.2018639005,Regular,2
Kuwait Airways,DAC,"Hazrat Shahjalal International Airport, Dhaka",KUL,Kuala Lumpur International Airport,2026-01-09 23:25:00,2026-01-10 02:29:51,3.081093342060057,Direct,Boeing 737,Business,Travel Agency,118112.1699586329,23716.825493794935,141828.99545242783,Winter Holidays,25
FlyDubai,ZYL,"Osmani International Airport, Sylhet",JFK,"John F. Kennedy International Airport, New York",2025-12-30 03:01:00,2025-12-30 16:00:40,12.994648771211862,2 Stops,Boeing 777,Economy,Direct Booking,36363.09337427452,11454.464006141177,47817.557380415696,Winter Holidays,69
US-Bangla Airlines,CGP,"Shah Amanat International Airport, Chittagong",BZL,Barisal Airport,2025-03-23 18:08:00,2025-03-23 18:44:18,0.6052460797675187,Direct,Airbus A320,First Class,Direct Booking,13705.254889919568,200.0,16686.30586790348,Regular,1
Biman Bangladesh Airlines,ZYL,"Osmani International Airport, Sylhet",CCU,"Netaji Subhas Chandra Bose International Airport, Kolkata",2025-12-22 21:56:00,2025-12-22 23:23:37,1.460545608844424,Direct,Airbus A320,Economy,Online Website,58816.176969633074,10822.426545444961,69638.60351507804,Winter Holidays,10
Cathay Pacific,SPD,Saidpur Airport,JSR,Jessore Airport,2025-12-15 12:14:00,2025-12-15 13:05:50,0.8641425558364733,Direct,Airbus A320,First Class,Online Website,14876.204839198046,200.0,15076.204839198046,Winter Holidays,41
IndiGo,RJH,"Shah Makhdum Airport, Rajshahi",LHR,London Heathrow Airport,2025-06-11 17:54:00,2025-06-12 02:51:11,8.953086657125137,1 Stop,Airbus A350,First Class,Direct Booking,269691.617512182,46453.7426268273,316145.3601390093,Regular,47
Air India,ZYL,"Osmani International Airport, Sylhet",BZL,Barisal Airport,2025-03-11 03:32:00,2025-03-11 04:35:19,1.0552990261515998,Direct,Airbus A320,First Class,Online Website,11925.42648440585,200.0,12125.42648440585,Regular,44
Saudia,JSR,Jessore Airport,SIN,Singapore Changi Airport,2026-01-07 04:26:00,2026-01-07 07:37:25,3.190548974246302,1 Stop,Boeing 737,First Class,Online Website,72936.06206851626,16940.40931027744,89876.47137879369,Winter Holidays,83
Thai Airways,SPD,Saidpur Airport,JSR,Jessore Airport,2025-05-10 11:53:00,2025-05-10 12:54:14,1.02080293926746,Direct,Airbus A320,Business,Online Website,8832.159896471941,200.0,9032.159896471941,Regular,16
Saudia,ZYL,"Osmani International Airport, Sylhet",DXB,Dubai International Airport,2025-10-15 10:17:00,2025-10-15 14:24:45,4.129232842218693,Direct,Boeing 737,Business,Travel Agency,113088.49068926026,20963.27360338904,134051.76429264928,Regular,64
SriLankan Airlines,CGP,"Shah Amanat International Airport, Chittagong",JFK,"John F. Kennedy International Airport, New York",2025-09-26 06:49:00,2025-09-26 21:30:21,14.689380642451427,1 Stop,Boeing 777,First Class,Online Website,114871.14756204067,23230.6721343061,138101.81969634676,Regular,54
US-Bangla Airlines,SPD,Saidpur Airport,DAC,"Hazrat Shahjalal International Airport, Dhaka",2025-09-06 20:28:00,2025-09-06 21:25:06,0.9518087570185267,Direct,Airbus A320,First Class,Travel Agency,8069.322936125051,200.0,8269.32293612505,Regular,68
SriLankan Airlines,DAC,"Hazrat Shahjalal International Airport, Dhaka",BZL,Barisal Airport,2025-06-08 07:45:00,2025-06-08 08:15:00,0.5,Direct,Airbus A320,Economy,Online Website,4446.614792605864,200.0,4646.614792605864,Hajj,86
Air Astra,RJH,"Shah Makhdum Airport, Rajshahi",JFK,"John F. Kennedy International Airport, New York",2025-08-23 01:34:00,2025-08-23 14:32:53,12.981593769725444,1 Stop,Boeing 777,First Class,Travel Agency,77587.87812611101,17638.181718916654,95226.05984502766,Regular,70
Air Arabia,CGP,"Shah Amanat International Airport, Chittagong",SPD,Saidpur Airport,2025-12-19 09:58:00,2025-12-19 11:41:50,1.7306734935108627,Direct,Airbus A320,Economy,Direct Booking,2627.1874163656444,200.0,2827.1874163656444,Winter Holidays,80
US-Bangla Airlines,JSR,Jessore Airport,DXB,Dubai International Airport,2025-08-31 23:20:00,2025-09-01 03:06:06,3.7685155248329654,1 Stop,Boeing 737,Economy,Online Website,41922.23571660232,10288.335357490349,52210.57107409267,Regular,89
Saudia,JSR,Jessore Airport,KUL,Kuala Lumpur International Airport,2025-01-19 02:23:00,2025-01-19 05:15:00,2.8666890168574466,Direct,Boeing 787,First Class,Travel Agency,53547.7712473347,14032.165687100205,67579.9369344349,Regular,9
Saudia,DAC,"Hazrat Shahjalal International Airport, Dhaka",IST,Istanbul Airport,2025-08-02 22:39:00,2025-08-03 04:54:53,6.264817512150323,1 Stop,Boeing 777,Economy,Online Website,30641.73747752605,8596.260621628908,39237.99809915496,Regular,52
Malaysian Airlines,JSR,Jessore Airport,JFK,"John F. Kennedy International Airport, New York",2025-10-10 18:57:00,2025-10-11 07:47:57,12.849298110129167,1 Stop,Airbus A350,Economy,Online Website,39366.01538191764,11904.902307287646,51270.917689205286,Regular,84
Singapore Airlines,CXB,Cox's Bazar Airport,SPD,Saidpur Airport,2025-12-13 12:25:00,2025-12-13 13:20:23,0.9232303370457519,Direct,Airbus A320,First Class,Online Website,16218.803855773667,200.0,19702.564626928397,Winter Holidays,2
Biman Bangladesh Airlines,CXB,Cox's Bazar Airport,BZL,Barisal Airport,2025-09-12 23:12:00,2025-09-12 23:58:22,0.7730361182870709,Direct,Airbus A320,Economy,Direct Booking,3260.133580525403,200.0,3460.133580525403,Regular,70
Biman Bangladesh Airlines,SPD,Saidpur Airport,DEL,"Indira Gandhi International Airport, Delhi",2025-06-15 21:04:00,2025-06-15 22:55:00,1.850039520036479,1 Stop,Boeing 737,Business,Direct Booking,79113.58761331618,13867.038141997427,92980.62575531361,Regular,66
Singapore Airlines,DAC,"Hazrat Shahjalal International Airport, Dhaka",JSR,Jessore Airport,2025-05-10 01:28:00,2025-05-10 01:58:00,0.5,Direct,Airbus A320,Economy,Travel Agency,4355.921923452594,200.0,4555.921923452594,Regular,57
US-Bangla Airlines,BZL,Barisal Airport,RJH,"Shah Makhdum Airport, Rajshahi",2026-02-23 14:59:00,2026-02-23 15:46:37,0.7936735952667794,Direct,Airbus A320,First Class,Direct Booking,10010.579477663547,200.0,10210.579477663547,Winter Holidays,64
US-Bangla Airlines,ZYL,"Osmani International Airport, Sylhet",BZL,Barisal Airport,2025-12-12 10:39:00,2025-12-12 11:42:12,1.053426391520309,Direct,Airbus A320,Business,Online Website,6238.46668029993,200.0,6438.46668029993,Winter Holidays,88
Etihad Airways,ZYL,"Osmani International Airport, Sylhet",SPD,Saidpur Airport,2025-05-27 11:30:00,2025-05-27 12:33:38,1.0608042361084347,Direct,Airbus A320,First Class,Travel Agency,10544.16788167147,200.0,10744.16788167147,Regular,78
Gulf Air,CGP,"Shah Amanat International Airport, Chittagong",SIN,Singapore Changi Airport,2025-02-15 02:37:00,2025-02-15 05:39:32,3.0422831422202647,Direct,Boeing 787,Business,Travel Agency,120592.2961648568,24088.84442472852,144681.14058958532,Regular,30
Singapore Airlines,ZYL,"Osmani International Airport, Sylhet",YYZ,Toronto Pearson International Airport,2025-09-13 21:13:00,2025-09-14 09:57:51,12.74776942237004,1 Stop,Boeing 777,First Class,Direct Booking,213278.4514345635,37991.76771518453,251270.21914974804,Regular,64
FlyDubai,BZL,Barisal Airport,JFK,"John F. Kennedy International Airport, New York",2025-08-16 20:56:00,2025-08-17 10:03:24,13.123605056427948,2 Stops,Boeing 777,First Class,Online Website,136610.42976932006,26491.56446539801,163101.99423471806,Regular,47
Cathay Pacific,ZYL,"Osmani International Airport, Sylhet",RJH,"Shah Makhdum Airport, Rajshahi",2025-12-31 02:54:00,2025-12-31 03:57:33,1.0592527281347612,Direct,Airbus A320,Business,Online Website,9263.136624670831,200.0,9463.136624670831,Winter Holidays,83
Air Astra,ZYL,"Osmani International Airport, Sylhet",CXB,Cox's Bazar Airport,2025-07-01 16:20:00,2025-07-01 17:39:16,1.3213518106510636,Direct,Airbus A320,First Class,Online Website,12223.954979754148,200.0,12423.954979754148,Regular,37
Thai Airways,JSR,Jessore Airport,DAC,"Hazrat Shahjalal International Airport, Dhaka",2025-09-10 13:35:00,2025-09-10 14:05:00,0.5,Direct,Airbus A320,Business,Direct Booking,7251.823190244835,200.0,7451.823190244835,Regular,35
British Airways,BZL,Barisal Airport,CXB,Cox's Bazar Airport,2025-03-28 17:47:00,2025-03-28 18:36:10,0.8195214976784402,Direct,Airbus A320,Economy,Travel Agency,3426.707883213828,200.0,3626.707883213828,Regular,74
Malaysian Airlines,BZL,Barisal Airport,ZYL,"Osmani International Airport, Sylhet",2025-03-27 08:12:00,2025-03-27 09:09:23,0.9564699873234802,Direct,Airbus A320,Economy,Online Website,3332.06893336562,200.0,3532.06893336562,Regular,69
Saudia,DAC,"Hazrat Shahjalal International Airport, Dhaka",IST,Istanbul Airport,2025-08-27 11:41:00,2025-08-27 18:39:42,6.978355234701148,1 Stop,Airbus A350,First Class,Travel Agency,28741.90877934974,8311.28631690246,37053.195096252195,Regular,88
AirAsia,DAC,"Hazrat Shahjalal International Airport, Dhaka",JSR,Jessore Airport,2025-06-13 04:28:00,2025-06-13 04:58:00,0.5,Direct,Airbus A320,Economy,Direct Booking,3921.381654349043,200.0,4121.381654349043,Regular,35
FlyDubai,CGP,"Shah Amanat International Airport, Chittagong",DOH,"Hamad International Airport, Doha",2025-10-27 04:36:00,2025-10-27 09:26:54,4.848565093819215,1 Stop,Boeing 787,Business,Direct Booking,94368.63705671809,18155.295558507714,112523.9326152258,Regular,37
FlyDubai,SPD,Saidpur Airport,DAC,"Hazrat Shahjalal International Airport, Dhaka",2026-01-22 12:02:00,2026-01-22 12:55:26,0.8906023517070303,Direct,Airbus A320,First Class,Direct Booking,13050.34641226951,200.0,13250.34641226951,Winter Holidays,24
Kuwait Airways,JSR,Jessore Airport,SPD,Saidpur Airport,2025-12-18 12:15:00,2025-12-18 13:14:02,0.983901533750493,Direct,Airbus A320,Business,Online Website,9141.150433509762,200.0,9341.150433509762,Winter Holidays,71
Air Astra,CXB,Cox's Bazar Airport,LHR,London Heathrow Airport,2026-02-13 23:01:00,2026-02-14 07:53:36,8.876736599747115,1 Stop,Airbus A350,Economy,Travel Agency,4813.3631074767245,6722.004466121509,11535.367573598232,Winter Holidays,84
Kuwait Airways,RJH,"Shah Makhdum Airport, Rajshahi",IST,Istanbul Airport,2025-06-20 05:08:00,2025-06-20 11:33:07,6.418634380218299,1 Stop,Boeing 777,First Class,Online Website,142587.32498473278,25388.098747709915,167975.4237324427,Regular,77
Air India,JSR,Jessore Airport,BZL,Barisal Airport,2025-02-26 06:11:00,2025-02-26 06:41:00,0.5,Direct,Airbus A320,Economy,Travel Agency,3739.3924867387027,200.0,3939.3924867387027,Regular,53
Malaysian Airlines,RJH,"Shah Makhdum Airport, Rajshahi",DAC,"Hazrat Shahjalal International Airport, Dhaka",2025-08-01 10:52:00,2025-08-01 11:26:38,0.5774676875456191,Direct,Airbus A320,First Class,Direct Booking,9146.01915696608,200.0,9346.01915696608,Regular,62
Air India,ZYL,"Osmani International Airport, Sylhet",CGP,"Shah Amanat International Airport, Chittagong",2025-11-27 08:03:00,2025-11-27 09:08:12,1.086785681007527,Direct,Airbus A320,First Class,Direct Booking,10204.656550588164,200.0,10404.656550588164,Regular,26
Qatar Airways,CXB,Cox's Bazar Airport,SIN,Singapore Changi Airport,2025-09-01 00:12:00,2025-09-01 03:20:29,3.141650984945099,Direct,Boeing 787,Economy,Online Website,31322.79349050608,10698.419023575912,42021.21251408199,Regular,31
Malaysian Airlines,JSR,Jessore Airport,DEL,"Indira Gandhi International Airport, Delhi",2025-03-07 02:53:00,2025-03-07 04:55:59,2.049863665415062,1 Stop,Boeing 787,Economy,Travel Agency,34942.46763843223,7241.370145764834,42183.837784197065,Regular,64
Cathay Pacific,RJH,"Shah Makhdum Airport, Rajshahi",DOH,"Hamad International Airport, Doha",2025-05-29 11:38:00,2025-05-29 15:42:54,4.081869098798392,Direct,Boeing 737,Business,Direct Booking,52172.181548674445,11825.827232301166,63998.00878097561,Regular,24
NovoAir,SPD,Saidpur Airport,DXB,Dubai International Airport,2026-02-02 10:10:00,2026-02-02 14:02:00,3.866792814985822,1 Stop,Boeing 787,First Class,Direct Booking,187068.35292976676,32060.252939465012,219128.60586923177,Winter Holidays,72
Air India,RJH,"Shah Makhdum Airport, Rajshahi",DEL,"Indira Gandhi International Airport, Delhi",2025-09-21 02:39:00,2025-09-21 04:30:52,1.864502803704153,Direct,Boeing 787,Business,Travel Agency,27302.521243684798,6095.37818655272,33397.89943023752,Regular,24
Air Arabia,CXB,Cox's Bazar Airport,RJH,"Shah Makhdum Airport, Rajshahi",2025-09-22 17:54:00,2025-09-22 19:21:07,1.4520725607713976,Direct,Airbus A320,Economy,Direct Booking,3229.312955785687,200.0,3429.312955785687,Regular,27
Vistara,CXB,Cox's Bazar Airport,DEL,"Indira Gandhi International Airport, Delhi",2025-09-14 19:26:00,2025-09-14 22:31:29,3.091600078711031,Direct,Boeing 787,Economy,Travel Agency,58256.70666652186,10738.505999978279,68995.21266650014,Regular,36
Air Astra,BZL,Barisal Airport,KUL,Kuala Lumpur International Airport,2025-02-07 13:10:00,2025-02-07 16:11:15,3.020985057867953,Direct,Boeing 737,Economy,Travel Agency,66224.71241612182,15933.706862418274,82158.4192785401,Regular,26
Saudia,JSR,Jessore Airport,DAC,"Hazrat Shahjalal International Airport, Dhaka",2025-12-15 13:32:00,2025-12-15 14:02:00,0.5,Direct,Airbus A320,First Class,Online Website,15681.823194383702,200.0,15881.823194383702,Winter Holidays,21
Malaysian Airlines,SPD,Saidpur Airport,JSR,Jessore Airport,2025-03-04 08:04:00,2025-03-04 08:56:22,0.8728935835276705,Direct,Airbus A320,First Class,Online Website,12438.234962723982,200.0,15165.881955268778,Regular,1
IndiGo,DAC,"Hazrat Shahjalal International Airport, Dhaka",CXB,Cox's Bazar Airport,2026-03-11 19:58:00,2026-03-11 21:01:30,1.0584471386608572,Direct,Airbus A320,First Class,Online Website,11953.564333766182,200.0,12153.564333766182,Regular,77
British Airways,RJH,"Shah Makhdum Airport, Rajshahi",SIN,Singapore Changi Airport,2025-05-23 06:49:00,2025-05-23 09:54:49,3.0970889325943434,1 Stop,Boeing 737,First Class,Direct Booking,148445.53897106598,28266.830845659897,176712.36981672587,Regular,66
Etihad Airways,ZYL,"Osmani International Airport, Sylhet",BKK,"Suvarnabhumi Airport, Bangkok",2025-08-15 00:32:00,2025-08-15 03:11:28,2.6578985814571783,Direct,Boeing 737,Business,Direct Booking,17263.644076360084,8589.546611454012,25853.190687814094,Regular,44
Lufthansa,SPD,Saidpur Airport,JSR,Jessore Airport,2026-01-24 23:57:00,2026-01-25 00:51:28,0.907848065530055,Direct,Airbus A320,First Class,Online Website,14562.265459739101,200.0,14762.265459739101,Winter Holidays,47
Gulf Air,CGP,"Shah Amanat International Airport, Chittagong",YYZ,Toronto Pearson International Airport,2025-11-05 08:59:00,2025-11-05 21:45:24,12.773365457726031,2 Stops,Boeing 777,Business,Direct Booking,26311.160014284356,9946.674002142652,36257.834016427005,Regular,78
Qatar Airways,DAC,"Hazrat Shahjalal International Airport, Dhaka",CXB,Cox's Bazar Airport,2025-04-29 15:36:00,2025-04-29 16:34:10,0.9696387453690419,Direct,Airbus A320,Business,Direct Booking,8166.678168476397,200.0,8366.678168476397,Regular,46
US-Bangla Airlines,SPD,Saidpur Airport,RJH,"Shah Makhdum Airport, Rajshahi",2025-10-26 02:33:00,2025-10-26 03:03:21,0.5060577214125678,Direct,Airbus A320,Business,Online Website,7476.791517879784,200.0,7676.791517879784,Regular,87
Lufthansa,SPD,Saidpur Airport,KUL,Kuala Lumpur International Airport,2025-03-31 21:34:00,2025-04-01 00:49:50,3.264079538259965,Direct,Boeing 737,Business,Travel Agency,57244.42466817284,14586.663700225925,71831.08836839876,Eid,75
Emirates,DAC,"Hazrat Shahjalal International Airport, Dhaka",KUL,Kuala Lumpur International Airport,2025-10-24 19:23:00,2025-10-24 22:02:10,2.652841594005797,Direct,Boeing 787,Economy,Travel Agency,65441.28122033093,15816.19218304964,81257.47340338057,Regular,24
IndiGo,ZYL,"Osmani International Airport, Sylhet",JSR,Jessore Airport,2025-05-04 15:34:00,2025-05-04 16:45:48,1.1967350133276429,Direct,Airbus A320,Business,Direct Booking,7455.692115315295,200.0,7655.692115315295,Regular,34
Gulf Air,SPD,Saidpur Airport,LHR,London Heathrow Airport,2025-10-18 00:06:00,2025-10-18 09:27:31,9.358625956750497,1 Stop,Airbus A350,First Class,Travel Agency,112820.33157179132,22923.049735768698,135743.38130756002,Regular,81
Emirates,ZYL,"Osmani International Airport, Sylhet",JED,"King Abdulaziz International Airport, Jeddah",2025-03-23 10:00:00,2025-03-23 16:21:33,6.3592622150197915,1 Stop,Airbus A350,Business,Direct Booking,111877.58838997524,20781.638258496285,132659.22664847152,Regular,78
Cathay Pacific,DAC,"Hazrat Shahjalal International Airport, Dhaka",YYZ,Toronto Pearson International Airport,2025-10-13 08:41:00,2025-10-13 23:33:06,14.868603223164788,2 Stops,Airbus A350,Economy,Direct Booking,60980.92721604846,15147.13908240727,76128.06629845573,Regular,56
US-Bangla Airlines,DAC,"Hazrat Shahjalal International Airport, Dhaka",RJH,"Shah Makhdum Airport, Rajshahi",2025-06-14 16:38:00,2025-06-14 17:15:25,0.6237902864048417,Direct,Airbus A320,First Class,Travel Agency,10319.721481283123,200.0,10519.721481283123,Regular,40
Biman Bangladesh Airlines,SPD,Saidpur Airport,DOH,"Hamad International Airport, Doha",2025-03-07 05:28:00,2025-03-07 09:54:16,4.437834430078907,1 Stop,Boeing 787,Economy,Travel Agency,33103.29538892956,8965.494308339434,42068.78969726899,Regular,38
Thai Airways,JSR,Jessore Airport,CGP,"Shah Amanat International Airport, Chittagong",2025-03-07 04:02:00,2025-03-07 05:03:15,1.0209268648157852,Direct,Airbus A320,Business,Travel Agency,5580.036489331095,200.0,5780.036489331095,Regular,9
Malaysian Airlines,ZYL,"Osmani International Airport, Sylhet",BKK,"Suvarnabhumi Airport, Bangkok",2025-01-07 15:44:00,2025-01-07 18:09:02,2.417346273636416,1 Stop,Boeing 737,Economy,Travel Agency,40565.742147813515,12084.861322172026,63180.72416398264,Regular,4
Etihad Airways,ZYL,"Osmani International Airport, Sylhet",DEL,"Indira Gandhi International Airport, Delhi",2025-11-28 09:34:00,2025-11-28 12:20:36,2.77684662713451,Direct,Boeing 737,Economy,Travel Agency,16897.547641635043,4534.632146245256,21432.179787880297,Regular,87
Air Arabia,ZYL,"Osmani International Airport, Sylhet",BKK,"Suvarnabhumi Airport, Bangkok",2026-02-14 02:29:00,2026-02-14 04:50:12,2.3534013144645787,1 Stop,Boeing 787,Economy,Direct Booking,31034.24206804369,10655.136310206553,41689.37837825024,Winter Holidays,84
Lufthansa,JSR,Jessore Airport,DAC,"Hazrat Shahjalal International Airport, Dhaka",2025-12-13 04:18:00,2025-12-13 04:48:00,0.5,Direct,Airbus A320,Economy,Direct Booking,5565.906137025029,200.0,5765.906137025029,Winter Holidays,19
IndiGo,DAC,"Hazrat Shahjalal International Airport, Dhaka",SIN,Singapore Changi Airport,2025-10-15 02:54:00,2025-10-15 06:09:47,3.263097273323784,1 Stop,Boeing 737,Business,Direct Booking,95709.55702674709,20356.433554012063,116065.99058075916,Regular,83
Malaysian Airlines,CGP,"Shah Amanat International Airport, Chittagong",JED,"King Abdulaziz International Airport, Jeddah",2025-08-28 16:22:00,2025-08-28 22:06:25,5.740376659617984,1 Stop,Airbus A350,Economy,Travel Agency,45660.455971786156,10849.068395767923,56509.52436755408,Regular,18
Emirates,JSR,Jessore Airport,KUL,Kuala Lumpur International Airport,2025-03-29 10:09:00,2025-03-29 13:15:02,3.10056656697797,Direct,Boeing 787,First Class,Direct Booking,98718.97432143742,20807.846148215613,119526.82046965303,Regular,74
Cathay Pacific,ZYL,"Osmani International Airport, Sylhet",CCU,"Netaji Subhas Chandra Bose International Airport, Kolkata",2025-07-29 23:03:00,2025-07-30 00:29:47,1.446439291910037,Direct,Airbus A320,Business,Online Website,78956.39517865812,13843.459276798718,92799.85445545684,Regular,14
Turkish Airlines,CGP,"Shah Amanat International Airport, Chittagong",LHR,London Heathrow Airport,2025-09-27 11:22:00,2025-09-27 20:48:05,9.434943419460625,1 Stop,Airbus A350,Economy,Travel Agency,10486.028964785795,7572.904344717869,18058.933309503664,Regular,35
Biman Bangladesh Airlines,CXB,Cox's Bazar Airport,CCU,"Netaji Subhas Chandra Bose International Airport, Kolkata",2025-05-01 21:46:00,2025-05-01 23:00:19,1.238877756584525,Direct,Airbus A320,Economy,Direct Booking,55736.78107584283,10360.517161376425,66097.29823721925,Regular,48
Biman Bangladesh Airlines,ZYL,"Osmani International Airport, Sylhet",DAC,"Hazrat Shahjalal International Airport, Dhaka",2025-12-31 08:33:00,2025-12-31 09:15:13,0.7036556612913026,Direct,Airbus A320,Business,Online Website,6729.362916384042,200.0,6929.362916384042,Winter Holidays,73
Qatar Airways,ZYL,"Osmani International Airport, Sylhet",JED,"King Abdulaziz International Airport, Jeddah",2025-12-06 11:51:00,2025-12-06 18:14:15,6.387727969835729,1 Stop,Boeing 777,Economy,Direct Booking,34984.51223002818,9247.676834504226,44232.1890645324,Winter Holidays,53
Kuwait Airways,RJH,"Shah Makhdum Airport, Rajshahi",JED,"King Abdulaziz International Airport, Jeddah",2025-08-17 02:55:00,2025-08-17 08:30:02,5.5839487931523015,1 Stop,Airbus A350,First Class,Direct Booking,95978.01482293526,18396.70222344029,114374.71704637556,Regular,82
Vistara,CXB,Cox's Bazar Airport,LHR,London Heathrow Airport,2025-08-03 13:29:00,2025-08-03 22:52:51,9.397665381374107,1 Stop,Boeing 777,Business,Direct Booking,31630.301808532888,10744.545271279934,42374.847079812826,Regular,64
US-Bangla Airlines,SPD,Saidpur Airport,DAC,"Hazrat Shahjalal International Airport, Dhaka",2025-05-12 14:03:00,2025-05-12 14:54:09,0.8525418944258437,Direct,Airbus A320,First Class,Travel Agency,10592.74710980485,200.0,10792.74710980485,Regular,75
US-Bangla Airlines,JSR,Jessore Airport,BZL,Barisal Airport,2025-06-30 19:23:00,2025-06-30 19:53:00,0.5,Direct,Airbus A320,First Class,Direct Booking,12196.06199109905,200.0,12396.06199109905,Regular,14
AirAsia,RJH,"Shah Makhdum Airport, Rajshahi",SIN,Singapore Changi Airport,2025-12-27 02:54:00,2025-12-27 06:12:33,3.3093793451758513,Direct,Boeing 737,First Class,Direct Booking,225800.8793394812,39870.13190092218,265671.0112404034,Winter Holidays,83
US-Bangla Airlines,JSR,Jessore Airport,DXB,Dubai International Airport,2025-08-09 00:24:00,2025-08-09 04:27:07,4.0521550354509275,Direct,Boeing 787,First Class,Travel Agency,123121.02670631139,22468.154005946708,145589.1807122581,Regular,63
AirAsia,DAC,"Hazrat Shahjalal International Airport, Dhaka",CGP,"Shah Amanat International Airport, Chittagong",2025-06-15 13:16:00,2025-06-15 14:00:09,0.7360645619485081,Direct,Airbus A320,Business,Travel Agency,5492.559344744034,200.0,5692.559344744034,Regular,17
Kuwait Airways,ZYL,"Osmani International Airport, Sylhet",DOH,"Hamad International Airport, Doha",2025-07-28 08:56:00,2025-07-28 13:34:53,4.648266763865839,Direct,Boeing 787,Business,Travel Agency,21177.26253843948,7176.589380765922,28353.851919205405,Regular,20
Malaysian Airlines,CXB,Cox's Bazar Airport,JED,"King Abdulaziz International Airport, Jeddah",2025-07-16 20:31:00,2025-07-17 02:49:28,6.307956205381723,1 Stop,Boeing 777,Business,Online Website,81146.17002298933,16171.9255034484,97318.09552643773,Regular,75
Qatar Airways,DAC,"Hazrat Shahjalal International Airport, Dhaka",IST,Istanbul Airport,2025-05-29 04:59:00,2025-05-29 12:07:06,7.135033976143353,1 Stop,Airbus A350,Economy,Travel Agency,38707.247706111884,9806.087155916783,48513.33486202867,Regular,58
Qatar Airways,DAC,"Hazrat Shahjalal International Airport, Dhaka",ZYL,"Osmani International Airport, Sylhet",2025-05-20 04:42:00,2025-05-20 05:21:21,0.6558976853872817,Direct,Airbus A320,Business,Travel Agency,7530.940833348979,200.0,7730.940833348979,Regular,26
Kuwait Airways,SPD,Saidpur Airport,BKK,"Suvarnabhumi Airport, Bangkok",2025-06-10 08:39:00,2025-06-10 11:37:38,2.977386786677264,Direct,Boeing 787,Economy,Online Website,31759.726065726278,10763.958909858942,42523.684975585216,Regular,23
Air Arabia,ZYL,"Osmani International Airport, Sylhet",SPD,Saidpur Airport,2025-06-23 23:29:00,2025-06-24 00:27:31,0.975492725464682,Direct,Airbus A320,Economy,Travel Agency,1967.9321936689398,200.0,2167.93219366894,Regular,67
Air Astra,RJH,"Shah Makhdum Airport, Rajshahi",SIN,Singapore Changi Airport,2026-02-25 19:07:00,2026-02-25 22:13:04,3.1012862243221195,Direct,Boeing 787,First Class,Travel Agency,253225.08139627776,43983.762209441666,297208.84360571945,Winter Holidays,80
Lufthansa,DAC,"Hazrat Shahjalal International Airport, Dhaka",JFK,"John F. Kennedy International Airport, New York",2025-09-28 12:17:00,2025-09-29 01:09:15,12.871064464885835,1 Stop,Boeing 777,Economy,Travel Agency,33476.23837415177,11021.435756122766,44497.674130274536,Regular,6
Cathay Pacific,SPD,Saidpur Airport,JED,"King Abdulaziz International Airport, Jeddah",2025-03-07 00:55:00,2025-03-07 06:32:56,5.6323632094271385,1 Stop,Airbus A350,Business,Direct Booking,129479.34695859131,23421.902043788697,152901.24900238,Regular,36
FlyDubai,DAC,"Hazrat Shahjalal International Airport, Dhaka",LHR,London Heathrow Airport,2025-03-24 08:39:00,2025-03-24 17:14:03,8.58429048267177,1 Stop,Boeing 777,Economy,Travel Agency,23503.730693696085,9525.559604054413,33029.2902977505,Regular,33
FlyDubai,ZYL,"Osmani International Airport, Sylhet",JSR,Jessore Airport,2025-09-08 19:49:00,2025-09-08 20:57:06,1.1352435341450573,Direct,Airbus A320,Economy,Direct Booking,3113.778772854031,200.0,3313.778772854031,Regular,54
Air India,BZL,Barisal Airport,DEL,"Indira Gandhi International Airport, Delhi",2025-10-15 20:43:00,2025-10-15 23:01:13,2.303655819014577,Direct,Boeing 787,First Class,Direct Booking,189413.91552075886,30412.08732811383,219826.00284887268,Regular,78
AirAsia,JSR,Jessore Airport,CCU,"Netaji Subhas Chandra Bose International Airport, Kolkata",2025-05-08 01:21:00,2025-05-08 01:51:00,0.5,Direct,Airbus A320,Economy,Direct Booking,13996.977647985792,4099.546647197869,18096.524295183663,Regular,76
Kuwait Airways,CXB,Cox's Bazar Airport,DEL,"Indira Gandhi International Airport, Delhi",2025-11-02 07:22:00,2025-11-02 10:08:41,2.778325745230681,Direct,Boeing 737,Economy,Online Website,43657.574775668356,8548.636216350253,52206.210992018605,Regular,11
Air India,SPD,Saidpur Airport,DOH,"Hamad International Airport, Doha",2025-06-27 10:55:00,2025-06-27 15:11:25,4.273834368553612,Direct,Boeing 737,First Class,Travel Agency,199352.4367839279,33902.86551758918,233255.30230151708,Regular,20
US-Bangla Airlines,DAC,"Hazrat Shahjalal International Airport, Dhaka",RJH,"Shah Makhdum Airport, Rajshahi",2025-03-16 18:56:00,2025-03-16 19:31:11,0.5865159607423763,Direct,Airbus A320,Economy,Online Website,4459.3739545773,200.0,4659.3739545773,Regular,32
Air Arabia,BZL,Barisal Airport,JED,"King Abdulaziz International Airport, Jeddah",2025-05-09 21:03:00,2025-05-10 02:30:50,5.463964516757094,2 Stops,Airbus A350,Business,Online Website,41672.56383779709,10250.884575669563,51923.448413466656,Regular,43
IndiGo,ZYL,"Osmani International Airport, Sylhet",JSR,Jessore Airport,2025-03-22 14:45:00,2025-03-22 15:50:35,1.0932749609057015,Direct,Airbus A320,Business,Travel Agency,5592.406710419875,200.0,5792.406710419875,Regular,14
Air Arabia,RJH,"Shah Makhdum Airport, Rajshahi",BZL,Barisal Airport,2025-04-20 02:23:00,2025-04-20 03:12:28,0.8246954681748119,Direct,Airbus A320,Economy,Travel Agency,1899.5611872085997,200.0,2099.5611872085997,Regular,84
NovoAir,BZL,Barisal Airport,JSR,Jessore Airport,2025-07-24 00:50:00,2025-07-24 01:20:00,0.5,Direct,Airbus A320,First Class,Travel Agency,9216.08090662187,200.0,9416.08090662187,Regular,33
US-Bangla Airlines,CGP,"Shah Amanat International Airport, Chittagong",JSR,Jessore Airport,2025-08-24 07:18:00,2025-08-24 08:14:26,0.9406481811371612,Direct,Airbus A320,Economy,Travel Agency,3714.589861798568,200.0,3914.589861798568,Regular,43
Cathay Pacific,CGP,"Shah Amanat International Airport, Chittagong",SPD,Saidpur Airport,2025-08-05 11:48:00,2025-08-05 13:35:07,1.7854366861324975,Direct,Airbus A320,Business,Direct Booking,4969.272060303284,200.0,5169.272060303284,Regular,76
NovoAir,RJH,"Shah Makhdum Airport, Rajshahi",DAC,"Hazrat Shahjalal International Airport, Dhaka",2025-04-07 11:43:00,2025-04-07 12:21:10,0.6363348569252854,Direct,Airbus A320,Economy,Online Website,3345.195879467536,200.0,3545.195879467536,Regular,25
Malaysian Airlines,CGP,"Shah Amanat International Airport, Chittagong",LHR,London Heathrow Airport,2025-08-14 07:17:00,2025-08-14 16:00:29,8.724783364399174,1 Stop,Airbus A350,First Class,Direct Booking,150133.2538514776,28519.988077721642,178653.24192919926,Regular,80
Biman Bangladesh Airlines,BZL,Barisal Airport,JSR,Jessore Airport,2025-05-27 18:36:00,2025-05-27 19:06:00,0.5,Direct,Airbus A320,Economy,Online Website,2466.0326736050497,200.0,2666.0326736050497,Regular,14
Air Astra,DAC,"Hazrat Shahjalal International Airport, Dhaka",JSR,Jessore Airport,2025-05-17 16:31:00,2025-05-17 17:03:02,0.5339747754641347,Direct,Airbus A320,First Class,Travel Agency,9569.43427155904,200.0,9769.43427155904,Regular,37
US-Bangla Airlines,RJH,"Shah Makhdum Airport, Rajshahi",CGP,"Shah Amanat International Airport, Chittagong",2025-12-29 16:47:00,2025-12-29 18:07:39,1.3443129700103311,Direct,Airbus A320,Economy,Direct Booking,5222.937017510435,200.0,5422.937017510435,Winter Holidays,13
Biman Bangladesh Airlines,CXB,Cox's Bazar Airport,JED,"King Abdulaziz International Airport, Jeddah",2025-07-25 15:46:00,2025-07-25 21:31:48,5.763345919103541,1 Stop,Boeing 777,Economy,Travel Agency,47559.209561721545,11133.881434258232,58693.09099597978,Regular,51
Vistara,RJH,"Shah Makhdum Airport, Rajshahi",BZL,Barisal Airport,2025-05-12 20:10:00,2025-05-12 21:00:03,0.83426903595389,Direct,Airbus A320,Economy,Online Website,3986.0353775480307,200.0,4186.035377548031,Regular,12
Biman Bangladesh Airlines,CXB,Cox's Bazar Airport,CGP,"Shah Amanat International Airport, Chittagong",2025-12-30 08:22:00,2025-12-30 08:52:00,0.5,Direct,Airbus A320,First Class,Travel Agency,17345.361330198983,200.0,17545.361330198983,Winter Holidays,25
Air Astra,RJH,"Shah Makhdum Airport, Rajshahi",JSR,Jessore Airport,2025-06-05 00:10:00,2025-06-05 00:40:13,0.5036264045587214,Direct,Airbus A320,First Class,Travel Agency,17328.890809558812,200.0,17528.890809558812,Hajj,39
Turkish Airlines,CGP,"Shah Amanat International Airport, Chittagong",JSR,Jessore Airport,2025-12-17 23:59:00,2025-12-18 00:58:10,0.9863403872189667,Direct,Airbus A320,First Class,Online Website,12421.1125531686,200.0,12621.1125531686,Winter Holidays,62
Vistara,RJH,"Shah Makhdum Airport, Rajshahi",DXB,Dubai International Airport,2025-09-05 05:22:00,2025-09-05 08:50:26,3.474033748538456,1 Stop,Boeing 737,Business,Travel Agency,104393.02238276701,19658.953357415052,124051.97574018207,Regular,37
US-Bangla Airlines,JSR,Jessore Airport,SIN,Singapore Changi Airport,2025-05-05 09:00:00,2025-05-05 12:25:32,3.42565163144935,1 Stop,Boeing 787,First Class,Online Website,103479.81336304091,21521.972004456136,125001.78536749705,Regular,20
IndiGo,ZYL,"Osmani International Airport, Sylhet",LHR,London Heathrow Airport,2025-11-23 10:02:00,2025-11-23 19:27:21,9.422632262549458,1 Stop,Boeing 777,Economy,Online Website,10484.726189866473,7572.708928479971,21668.922142015734,Regular,3
Turkish Airlines,BZL,Barisal Airport,ZYL,"Osmani International Airport, Sylhet",2025-04-10 13:46:00,2025-04-10 14:42:55,0.948814806550576,Direct,Airbus A320,Economy,Direct Booking,2284.445845394811,200.0,2484.445845394811,Regular,73
Kuwait Airways,ZYL,"Osmani International Airport, Sylhet",CGP,"Shah Amanat International Airport, Chittagong",2025-03-20 05:47:00,2025-03-20 06:43:36,0.9434349246129582,Direct,Airbus A320,First Class,Travel Agency,9787.821736343407,200.0,9987.821736343407,Regular,44
Saudia,CXB,Cox's Bazar Airport,ZYL,"Osmani International Airport, Sylhet",2025-10-16 05:16:00,2025-10-16 06:26:56,1.1823217762604346,Direct,Airbus A320,Economy,Travel Agency,3175.205092985129,200.0,3375.205092985129,Regular,71
Saudia,SPD,Saidpur Airport,SIN,Singapore Changi Airport,2025-04-11 01:51:00,2025-04-11 05:07:23,3.273308110741101,1 Stop,Boeing 787,Business,Online Website,18317.446958854965,8747.617043828244,27065.06400268321,Regular,24
Etihad Airways,BZL,Barisal Airport,IST,Istanbul Airport,2025-01-29 08:12:00,2025-01-29 15:05:26,6.890606490780386,1 Stop,Boeing 777,Economy,Online Website,7818.6042295524085,5172.790634432861,12991.39486398527,Regular,20
Saudia,CXB,Cox's Bazar Airport,SIN,Singapore Changi Airport,2025-09-19 10:27:00,2025-09-19 13:12:05,2.751395267717988,1 Stop,Boeing 737,Economy,Travel Agency,17128.654868572634,8569.298230285895,25697.95309885853,Regular,40
FlyDubai,SPD,Saidpur Airport,ZYL,"Osmani International Airport, Sylhet",2025-02-15 22:37:00,2025-02-15 23:43:49,1.1138647607178218,Direct,Airbus A320,Business,Travel Agency,7733.343296920759,200.0,7933.343296920759,Regular,45
Emirates,SPD,Saidpur Airport,KUL,Kuala Lumpur International Airport,2025-08-16 09:11:00,2025-08-16 12:20:24,3.1568513013259714,1 Stop,Boeing 787,First Class,Travel Agency,190208.6362754523,34531.295441317845,224739.93171677014,Regular,17
AirAsia,RJH,"Shah Makhdum Airport, Rajshahi",DXB,Dubai International Airport,2026-01-21 17:39:00,2026-01-21 21:41:21,4.0393195308342085,Direct,Boeing 737,First Class,Travel Agency,91237.39625070587,17685.609437605883,108923.00568831176,Winter Holidays,88
Malaysian Airlines,CXB,Cox's Bazar Airport,LHR,London Heathrow Airport,2025-10-12 10:46:00,2025-10-12 19:50:22,9.07278295598806,1 Stop,Airbus A350,Business,Direct Booking,19122.829912906116,8868.424486935917,27991.254399842033,Regular,89
British Airways,JSR,Jessore Airport,BZL,Barisal Airport,2025-12-23 08:02:00,2025-12-23 08:32:00,0.5,Direct,Airbus A320,Business,Direct Booking,5679.521491110134,200.0,5879.521491110134,Winter Holidays,53
British Airways,JSR,Jessore Airport,BZL,Barisal Airport,2025-06-16 07:37:00,2025-06-16 08:07:00,0.5,Direct,Airbus A320,First Class,Direct Booking,9612.22462523189,200.0,9812.22462523189,Regular,43
US-Bangla Airlines,DAC,"Hazrat Shahjalal International Airport, Dhaka",BZL,Barisal Airport,2025-10-18 03:12:00,2025-10-18 03:42:00,0.5,Direct,Airbus A320,Business,Online Website,6714.381064153891,200.0,6914.381064153891,Regular,90
Kuwait Airways,RJH,"Shah Makhdum Airport, Rajshahi",YYZ,Toronto Pearson International Airport,2025-11-30 21:06:00,2025-12-01 11:38:13,14.537206328520284,1 Stop,Boeing 777,Business,Travel Agency,26759.11096357646,10013.866644536469,44127.57312973551,Regular,3
Emirates,CGP,"Shah Amanat International Airport, Chittagong",KUL,Kuala Lumpur International Airport,2025-05-08 04:06:00,2025-05-08 06:36:30,2.50846800967012,Direct,Boeing 787,Economy,Direct Booking,35116.061351600445,11267.409202740066,46383.470554340514,Regular,88
Air India,JSR,Jessore Airport,CCU,"Netaji Subhas Chandra Bose International Airport, Kolkata",2025-02-20 15:49:00,2025-02-20 16:19:00,0.5,Direct,Airbus A320,Economy,Direct Booking,59120.01630423326,10868.002445634987,83985.62249984189,Regular,2
SriLankan Airlines,JSR,Jessore Airport,JFK,"John F. Kennedy International Airport, New York",2026-01-29 08:47:00,2026-01-29 22:44:35,13.959966612562718,1 Stop,Airbus A350,Economy,Direct Booking,13656.441090673243,8048.466163600986,21704.90725427423,Winter Holidays,39
Kuwait Airways,JSR,Jessore Airport,BZL,Barisal Airport,2025-12-04 14:07:00,2025-12-04 14:37:00,0.5,Direct,Airbus A320,Business,Travel Agency,6625.092287159978,200.0,6825.092287159978,Winter Holidays,47
SriLankan Airlines,DAC,"Hazrat Shahjalal International Airport, Dhaka",RJH,"Shah Makhdum Airport, Rajshahi",2025-05-20 19:43:00,2025-05-20 20:21:39,0.6443715152951691,Direct,Airbus A320,Economy,Travel Agency,2629.3870451407975,200.0,3395.264454168957,Regular,4
Air Arabia,BZL,Barisal Airport,JFK,"John F. Kennedy International Airport, New York",2025-04-05 02:53:00,2025-04-05 18:11:35,15.309731745357704,1 Stop,Boeing 777,First Class,Online Website,86407.79912455636,18961.169868683453,105368.96899323982,Regular,83
Air Astra,JSR,Jessore Airport,IST,Istanbul Airport,2026-02-17 02:41:00,2026-02-17 09:43:58,7.049595194777987,1 Stop,Airbus A350,First Class,Online Website,108999.32623165252,20349.89893474788,129349.2251664004,Winter Holidays,55
Turkish Airlines,SPD,Saidpur Airport,CGP,"Shah Amanat International Airport, Chittagong",2025-12-14 04:50:00,2025-12-14 06:32:34,1.7095281430281049,Direct,Airbus A320,Economy,Travel Agency,3565.7746335544985,200.0,3765.7746335544985,Winter Holidays,14
Emirates,CGP,"Shah Amanat International Airport, Chittagong",BKK,"Suvarnabhumi Airport, Bangkok",2025-10-04 02:52:00,2025-10-04 05:16:40,2.4112937179617497,Direct,Boeing 787,Business,Travel Agency,99886.0202791866,20982.903041877988,120868.92332106459,Regular,47
FlyDubai,CGP,"Shah Amanat International Airport, Chittagong",RJH,"Shah Makhdum Airport, Rajshahi",2025-02-25 10:59:00,2025-02-25 12:24:21,1.4227486638395463,Direct,Airbus A320,Economy,Direct Booking,2627.093183792946,200.0,2827.093183792946,Regular,5
Turkish Airlines,BZL,Barisal Airport,JFK,"John F. Kennedy International Airport, New York",2025-06-19 08:09:00,2025-06-19 23:17:16,15.137990478452759,2 Stops,Boeing 777,First Class,Direct Booking,59280.436775911985,14892.065516386798,74172.50229229878,Regular,50
SriLankan Airlines,BZL,Barisal Airport,ZYL,"Osmani International Airport, Sylhet",2025-03-13 04:13:00,2025-03-13 05:07:49,0.9138056675076937,Direct,Airbus A320,First Class,Online Website,12741.341453204623,200.0,12941.341453204623,Regular,20
Lufthansa,DAC,"Hazrat Shahjalal International Airport, Dhaka",JED,"King Abdulaziz International Airport, Jeddah",2025-07-26 02:03:00,2025-07-26 07:56:16,5.887858046142091,1 Stop,Boeing 777,Business,Travel Agency,49121.722492802306,11368.258373920346,60489.98086672265,Regular,74
Saudia,CXB,Cox's Bazar Airport,IST,Istanbul Airport,2025-04-23 18:59:00,2025-04-24 01:46:40,6.794494025568563,1 Stop,Boeing 777,First Class,Direct Booking,210821.86438205332,35623.279657308,246445.14403936133,Regular,44
US-Bangla Airlines,DAC,"Hazrat Shahjalal International Airport, Dhaka",SPD,Saidpur Airport,2025-04-06 08:05:00,2025-04-06 09:00:14,0.9206052587956134,Direct,Airbus A320,Economy,Online Website,3630.2316842258197,200.0,3830.2316842258197,Regular,15
Air Astra,CXB,Cox's Bazar Airport,DEL,"Indira Gandhi International Airport, Delhi",2026-01-14 08:18:00,2026-01-14 11:14:15,2.9376376118277516,Direct,Boeing 787,Economy,Online Website,41923.658039481874,8288.54870592228,50212.20674540415,Winter Holidays,15
Turkish Airlines,RJH,"Shah Makhdum Airport, Rajshahi",YYZ,Toronto Pearson International Airport,2026-01-11 01:59:00,2026-01-11 15:35:07,13.602080745366019,1 Stop,Airbus A350,Business,Direct Booking,139945.0508657377,26991.757629860655,166936.80849559835,Winter Holidays,51
FlyDubai,ZYL,"Osmani International Airport, Sylhet",RJH,"Shah Makhdum Airport, Rajshahi",2026-03-06 11:39:00,2026-03-06 12:48:27,1.157579041850004,Direct,Airbus A320,First Class,Direct Booking,10294.635479472294,200.0,10494.635479472294,Regular,81
Kuwait Airways,CGP,"Shah Amanat International Airport, Chittagong",SIN,Singapore Changi Airport,2025-07-26 04:05:00,2025-07-26 06:59:33,2.909397456237261,Direct,Boeing 787,Economy,Travel Agency,42718.85896889309,12407.828845333963,55126.68781422705,Regular,16
US-Bangla Airlines,ZYL,"Osmani International Airport, Sylhet",SPD,Saidpur Airport,2025-04-04 09:30:00,2025-04-04 10:36:12,1.1034175401607733,Direct,Airbus A320,Economy,Direct Booking,2064.105086588291,200.0,2264.105086588291,Regular,83
Air India,ZYL,"Osmani International Airport, Sylhet",CXB,Cox's Bazar Airport,2025-06-15 12:48:00,2025-06-15 14:01:26,1.2241636540522056,Direct,Airbus A320,Business,Travel Agency,9650.11492973944,200.0,11820.137915687328,Regular,1
Malaysian Airlines,CXB,Cox's Bazar Airport,JED,"King Abdulaziz International Airport, Jeddah",2025-10-04 02:38:00,2025-10-04 08:23:29,5.758257608083287,2 Stops,Boeing 777,Economy,Direct Booking,36366.587602351436,9454.988140352714,45821.57574270415,Regular,79
Singapore Airlines,CGP,"Shah Amanat International Airport, Chittagong",JFK,"John F. Kennedy International Airport, New York",2026-02-03 22:45:00,2026-02-04 14:05:44,15.345636203199398,1 Stop,Boeing 777,Business,Online Website,88004.99412423832,19200.749118635747,107205.74324287407,Winter Holidays,88
Biman Bangladesh Airlines,SPD,Saidpur Airport,SIN,Singapore Changi Airport,2025-07-12 09:59:00,2025-07-12 13:22:10,3.3862323703633663,1 Stop,Boeing 737,First Class,Online Website,59101.09105392574,14865.16365808886,73966.2547120146,Regular,63
FlyDubai,ZYL,"Osmani International Airport, Sylhet",JED,"King Abdulaziz International Airport, Jeddah",2026-01-13 22:49:00,2026-01-14 04:18:37,5.493774640168305,1 Stop,Airbus A350,Business,Online Website,86978.58682731408,17046.788024097114,104025.3748514112,Winter Holidays,66
IndiGo,SPD,Saidpur Airport,BKK,"Suvarnabhumi Airport, Bangkok",2025-09-27 20:44:00,2025-09-27 23:29:44,2.762249272510238,Direct,Boeing 787,First Class,Online Website,177030.8254266706,32554.62381400059,209585.4492406712,Regular,47
Saudia,BZL,Barisal Airport,SIN,Singapore Changi Airport,2026-03-01 08:27:00,2026-03-01 11:19:30,2.8751969908431736,Direct,Boeing 737,Business,Direct Booking,50422.916768759635,13563.437515313944,63986.354284073575,Regular,86
AirAsia,CGP,"Shah Amanat International Airport, Chittagong",ZYL,"Osmani International Airport, Sylhet",2025-12-16 10:19:00,2025-12-16 11:20:00,1.0167981413467573,Direct,Airbus A320,First Class,Travel Agency,12644.461797394364,200.0,12844.461797394364,Winter Holidays,49
Thai Airways,CGP,"Shah Amanat International Airport, Chittagong",BKK,"Suvarnabhumi Airport, Bangkok",2025-12-29 05:17:00,2025-12-29 07:43:26,2.4406791516223003,1 Stop,Boeing 737,Business,Direct Booking,170177.41377910526,31526.61206686579,201704.02584597105,Winter Holidays,14
Vistara,CGP,"Shah Amanat International Airport, Chittagong",LHR,London Heathrow Airport,2025-07-13 17:56:00,2025-07-14 03:28:04,9.534578487680706,1 Stop,Boeing 777,First Class,Travel Agency,289287.2199041402,49393.08298562103,338680.3028897613,Regular,12
British Airways,SPD,Saidpur Airport,DXB,Dubai International Airport,2025-05-22 15:19:00,2025-05-22 19:17:23,3.9733228503813884,1 Stop,Boeing 737,Economy,Online Website,9853.199205828636,5477.979880874295,15331.17908670293,Regular,9
Emirates,RJH,"Shah Makhdum Airport, Rajshahi",YYZ,Toronto Pearson International Airport,2025-10-17 14:40:00,2025-10-18 05:32:34,14.876174728582534,2 Stops,Airbus A350,Business,Travel Agency,34414.6095908237,11162.191438623555,45576.80102944725,Regular,39
Thai Airways,RJH,"Shah Makhdum Airport, Rajshahi",ZYL,"Osmani International Airport, Sylhet",2025-09-25 18:49:00,2025-09-25 19:53:42,1.0785711927706907,Direct,Airbus A320,Economy,Online Website,3760.3498039597125,200.0,3960.3498039597125,Regular,74
Kuwait Airways,SPD,Saidpur Airport,IST,Istanbul Airport,2025-06-01 13:04:00,2025-06-01 19:07:35,6.059866653603047,1 Stop,Airbus A350,Economy,Travel Agency,59702.8562999151,12955.428444987265,72658.28474490237,Regular,32
Singapore Airlines,CGP,"Shah Amanat International Airport, Chittagong",DXB,Dubai International Airport,2025-05-17 06:09:00,2025-05-17 10:26:10,4.286142065227909,Direct,Boeing 737,Economy,Online Website,35012.757865042746,9251.913679756412,44264.67154479916,Regular,74
NovoAir,RJH,"Shah Makhdum Airport, Rajshahi",DEL,"Indira Gandhi International Airport, Delhi",2026-03-02 12:37:00,2026-03-02 14:28:51,1.864252065739725,1 Stop,Boeing 737,Business,Travel Agency,25253.59793135198,5788.039689702797,31041.637621054775,Regular,74
US-Bangla Airlines,CGP,"Shah Amanat International Airport, Chittagong",CCU,"Netaji Subhas Chandra Bose International Airport, Kolkata",2025-08-18 09:02:00,2025-08-18 10:12:02,1.1674702051525483,Direct,Airbus A320,Economy,Direct Booking,35457.17697232134,7318.5765458482,42775.753518169535,Regular,18
Qatar Airways,SPD,Saidpur Airport,CXB,Cox's Bazar Airport,2025-09-28 10:11:00,2025-09-28 11:06:34,0.9261780298997182,Direct,Airbus A320,Economy,Travel Agency,3193.779699008237,200.0,4072.5356388098844,Regular,1
Kuwait Airways,SPD,Saidpur Airport,BKK,"Suvarnabhumi Airport, Bangkok",2025-07-07 08:38:00,2025-07-07 11:28:42,2.8452048555791665,Direct,Boeing 737,First Class,Online Website,194238.42274829527,35135.76341224429,229374.18616053957,Regular,68
Saudia,ZYL,"Osmani International Airport, Sylhet",SIN,Singapore Changi Airport,2025-03-12 12:46:00,2025-03-12 16:00:43,3.245290313351443,1 Stop,Boeing 737,Business,Travel Agency,103787.3943751148,21568.10915626722,125355.50353138203,Regular,69
Emirates,JSR,Jessore Airport,CXB,Cox's Bazar Airport,2025-06-14 06:57:00,2025-06-14 08:04:11,1.1197823853008484,Direct,Airbus A320,Economy,Direct Booking,3721.833732938705,200.0,3921.833732938705,Regular,80
AirAsia,CXB,Cox's Bazar Airport,JSR,Jessore Airport,2025-02-23 04:09:00,2025-02-23 05:22:51,1.2308765407908044,Direct,Airbus A320,Business,Travel Agency,5486.446806455753,200.0,5686.446806455753,Regular,42
AirAsia,JSR,Jessore Airport,CCU,"Netaji Subhas Chandra Bose International Airport, Kolkata",2025-10-26 12:04:00,2025-10-26 12:34:00,0.5,Direct,Airbus A320,Economy,Direct Booking,12638.217929551147,3895.732689432672,19840.74074278058,Regular,4
Malaysian Airlines,RJH,"Shah Makhdum Airport, Rajshahi",JFK,"John F. Kennedy International Airport, New York",2025-10-04 15:18:00,2025-10-05 06:22:09,15.069202416137392,1 Stop,Airbus A350,Economy,Direct Booking,19414.040787634753,8912.106118145213,28326.146905779966,Regular,5
Turkish Airlines,RJH,"Shah Makhdum Airport, Rajshahi",IST,Istanbul Airport,2025-06-19 07:12:00,2025-06-19 13:38:45,6.44594251213433,1 Stop,Boeing 777,Business,Direct Booking,100299.47441023856,19044.921161535785,119344.39557177434,Regular,39
Air India,RJH,"Shah Makhdum Airport, Rajshahi",BZL,Barisal Airport,2025-04-27 23:06:00,2025-04-27 23:55:24,0.823368138944372,Direct,Airbus A320,Business,Direct Booking,4899.366794638576,200.0,5099.366794638576,Regular,86
SriLankan Airlines,CGP,"Shah Amanat International Airport, Chittagong",BZL,Barisal Airport,2025-08-03 07:14:00,2025-08-03 07:48:35,0.5764584788002411,Direct,Airbus A320,Business,Travel Agency,6819.2447787206365,200.0,7019.2447787206365,Regular,86
AirAsia,CGP,"Shah Amanat International Airport, Chittagong",YYZ,Toronto Pearson International Airport,2025-03-20 13:03:00,2025-03-21 04:24:04,15.35132716965405,1 Stop,Airbus A350,First Class,Direct Booking,54090.52658437984,14113.578987656976,68204.10557203682,Regular,60
SriLankan Airlines,ZYL,"Osmani International Airport, Sylhet",KUL,Kuala Lumpur International Airport,2025-06-04 18:11:00,2025-06-04 20:55:25,2.7402897862661875,Direct,Boeing 787,Economy,Travel Agency,90634.47519375631,19595.17127906345,110229.64647281976,Hajj,32
US-Bangla Airlines,CXB,Cox's Bazar Airport,DOH,"Hamad International Airport, Doha",2025-06-10 17:48:00,2025-06-10 22:23:05,4.584860933770775,1 Stop,Boeing 787,First Class,Direct Booking,242422.07903643578,40363.31185546536,282785.39089190116,Regular,16
Vistara,ZYL,"Osmani International Airport, Sylhet",DEL,"Indira Gandhi International Airport, Delhi",2025-12-22 23:19:00,2025-12-23 01:57:43,2.6454637699396777,1 Stop,Boeing 737,Business,Travel Agency,99571.92046539448,16935.78806980917,116507.70853520365,Winter Holidays,89
Air India,CXB,Cox's Bazar Airport,KUL,Kuala Lumpur International Airport,2025-08-01 07:26:00,2025-08-01 09:50:44,2.412413681110073,1 Stop,Boeing 787,First Class,Online Website,25469.641006112266,9820.44615091684,35290.087157029106,Regular,54